codon,protein1,protein3,codon_counts,protein_counts,protein1_counts,codon_frequency,protein1_frequency,acid_frequency
CTT,L,Leu,356982,2611801,2611801,0.0136913325582958,0.13668039793230802,0.1001704177440026
CTG,L,Leu,991610,2611801,2611801,0.038031223641897066,0.3796652195171072,0.1001704177440026
CTA,L,Leu,212916,2611801,2611801,0.00816596848855715,0.08152075904710963,0.1001704177440026
CTC,L,Leu,504645,2611801,2611801,0.019354652388303008,0.1932172474089718,0.1001704177440026
TTA,L,Leu,189431,2611801,2611801,0.007265248157751741,0.07252887949732771,0.1001704177440026
TTG,L,Leu,356217,2611801,2611801,0.013661992509197817,0.13638749659717567,0.1001704177440026
ATG,M,Met,586664,586664,586664,0.022500327534665746,1.0,0.022500327534665746
ACA,T,Thr,433518,1422539,1422539,0.01662671817628698,0.30474946556825505,0.05455864588731519
ACG,T,Thr,145923,1422539,1422539,0.005596585600686304,0.10257926144731357,0.05455864588731519
ACT,T,Thr,366776,1422539,1422539,0.014066961892760702,0.2578319469624383,0.05455864588731519
ACC,T,Thr,476322,1422539,1422539,0.0182683802175812,0.33483932602199307,0.05455864588731519
ATC,I,Ile,555453,1158522,1158522,0.021303291884473385,0.4794496781243688,0.04443280047201811
ATA,I,Ile,198978,1158522,1158522,0.007631404299893501,0.17175159384111824,0.04443280047201811
ATT,I,Ile,404091,1158522,1158522,0.015498104287651223,0.34879872803451295,0.04443280047201811
AGG,R,Arg,325189,1450079,1450079,0.012471975458985757,0.22425605777340407,0.05561488765484259
AGA,R,Arg,334085,1450079,1450079,0.012813163794640214,0.23039089594428994,0.05561488765484259
CGA,R,Arg,175088,1450079,1450079,0.006715151001918571,0.1207437663741079,0.05561488765484259
CGC,R,Arg,229032,1450079,1450079,0.008784065522888,0.15794449819630516,0.05561488765484259
CGG,R,Arg,266918,1450079,1450079,0.010237107483837276,0.18407135059538135,0.05561488765484259
CGT,R,Arg,119767,1450079,1450079,0.004593424392572772,0.08259343111651159,0.05561488765484259
CCT,P,Pro,498803,1596476,1596476,0.019130594131008344,0.31244002415319744,0.06122965258006804
CCG,P,Pro,158865,1596476,1596476,0.006092950196014539,0.09950979532420155,0.06122965258006804
CCA,P,Pro,474367,1596476,1596476,0.018193400092108576,0.29713381222141766,0.06122965258006804
CCC,P,Pro,464441,1596476,1596476,0.017812708160936573,0.29091636830118334,0.06122965258006804
AGC,S,Ser,516686,2229673,2229673,0.01981646092580473,0.2317317382414372,0.08551466051300366
AGT,S,Ser,349103,2229673,2229673,0.01338914922908925,0.1565713896163249,0.08551466051300366
TCT,S,Ser,448247,2229673,2229673,0.01719161959218789,0.20103710275004452,0.08551466051300366
TCG,S,Ser,110613,2229673,2229673,0.00424234098153625,0.0496095167318257,0.08551466051300366
TCC,S,Ser,470428,2229673,2229673,0.01804232760400798,0.21098519827795376,0.08551466051300366
TCA,S,Ser,334596,2229673,2229673,0.01283276218037756,0.15006505438241394,0.08551466051300366
TAT,Y,Tyr,308681,701596,701596,0.011838844046555025,0.43996972616719593,0.026908315146338194
TAC,Y,Tyr,392915,701596,701596,0.015069471099783167,0.560030273832804,0.026908315146338194
GGT,G,Gly,290449,1641812,1641812,0.011139592052889101,0.176907587470429,0.06296842443092578
GGG,G,Gly,388308,1641812,1641812,0.0148927788041042,0.23651185397597288,0.06296842443092578
GGA,G,Gly,440597,1641812,1641812,0.01689821910120806,0.2683602020206942,0.06296842443092578
GGC,G,Gly,522458,1641812,1641812,0.020037834472724416,0.31822035653290387,0.06296842443092578
GTA,V,Val,199120,1587569,1587569,0.007636850426654173,0.12542446973958296,0.06088804236135465
GTC,V,Val,388883,1587569,1587569,0.014914831782184385,0.24495502242737166,0.06088804236135465
GTG,V,Val,712021,1587569,1587569,0.02730814522718326,0.448497671597266,0.06088804236135465
GTT,V,Val,287545,1587569,1587569,0.011028214925332834,0.18112283623577935,0.06088804236135465
GAG,E,Glu,1044313,1804156,1804156,0.04005254208321866,0.5788374176069032,0.06919480473257676
GAA,E,Glu,759843,1804156,1804156,0.029142262649358108,0.42116258239309684,0.06919480473257676
GAC,D,Asp,674253,1245741,1245741,0.02585962892086609,0.5412465351947154,0.04777791124623642
GAT,D,Asp,571488,1245741,1245741,0.02191828232537033,0.45875346480528456,0.04777791124623642
AAG,K,Lys,874214,1481748,1481748,0.033528734225025364,0.5899883111028326,0.05682948898148839
AAA,K,Lys,607534,1481748,1481748,0.023300754756463017,0.4100116888971674,0.05682948898148839
AAC,N,Asn,516138,934918,934918,0.019795443478869183,0.5520676679666024,0.03585691506220704
AAT,N,Asn,418780,934918,934918,0.016061471583337858,0.4479323320333976,0.03585691506220704
CAT,H,His,290459,681536,681536,0.01113997558294267,0.4261829162362663,0.026138953858879963
CAC,H,His,391077,681536,681536,0.014998978275937293,0.5738170837637336,0.026138953858879963
CAA,Q,Gln,331470,1241057,1241057,0.012712870685632075,0.26708684613196654,0.04759826576914498
CAG,Q,Gln,909587,1241057,1241057,0.034885395083512905,0.7329131538680335,0.04759826576914498
TGT,C,Cys,290719,591300,591300,0.011149947364335448,0.4916607475054964,0.02267813206750006
TGC,C,Cys,300581,591300,591300,0.011528184703164614,0.5083392524945036,0.02267813206750006
TTT,F,Phe,442987,973190,973190,0.01698988278401091,0.45519066163852895,0.03732476128322406
TTC,F,Phe,530203,973190,973190,0.02033487849921315,0.544809338361471,0.03732476128322406
TGG,W,Trp,309020,309020,309020,0.011851845715370995,1.0,0.011851845715370995
GCA,A,Ala,427340,1772088,1772088,0.016389773309192418,0.24115055234277305,0.06796490055679359
GCC,A,Ala,658793,1772088,1772088,0.02526669145804933,0.37176088320670303,0.06796490055679359
GCG,A,Ala,161309,1772088,1772088,0.006186684941106659,0.09102764648256746,0.06796490055679359
GCT,A,Ala,524646,1772088,1772088,0.020121750848445183,0.29606091796795647,0.06796490055679359
TAA,*,STOP,14165,52091,52091,0.0005432703208796523,0.2719279722024918,0.0019978464020432027
TAG,*,STOP,11621,52091,52091,0.00044570027525184887,0.22309036109884625,0.0019978464020432027
TGA,*,STOP,26305,52091,52091,0.0010088758059117015,0.504981666698662,0.0019978464020432027
